id,first_name,last_name,email,country
1,Alayne,Bachelor,abachelor0@google.ca,China
2,Lon,Dener,ldener1@utexas.edu,Czech Republic
3,Isaak,Geleman,igeleman2@yelp.com,Moldova
4,Lin,O' Finan,lofinan3@yahoo.com,Poland
5,Inge,Josebury,ijosebury4@blinklist.com,Colombia
6,Mildred,Wagnerin,mwagnerin5@mysql.com,Russia
7,Klaus,Bulford,kbulford6@sbwire.com,Bosnia and Herzegovina
8,Talbot,Revie,trevie7@vinaora.com,Estonia
9,Mar,Kedge,mkedge8@imageshack.us,Russia
10,Aubrey,Romagnosi,aromagnosi9@typepad.com,Czech Republic
11,Domeniga,Boncore,dboncorea@vinaora.com,Serbia
12,Marjory,Boycott,mboycottb@discovery.com,China
13,Fielding,Charpin,fcharpinc@tripadvisor.com,Brazil
14,Evangeline,Muggach,emuggachd@tamu.edu,Indonesia
15,Tomkin,Bootherstone,tbootherstonee@booking.com,Poland
16,Orella,Moorrud,omoorrudf@artisteer.com,Bosnia and Herzegovina
17,Fransisco,Di Angelo,fdiangelog@cocolog-nifty.com,Portugal
18,Weylin,Trass,wtrassh@tmall.com,Portugal
19,Jamill,Ulyet,julyeti@jugem.jp,Colombia
20,Itch,Trimmill,itrimmillj@bbc.co.uk,Russia
21,Lyndsey,Hayer,lhayerk@earthlink.net,China
22,Stanwood,Kristufek,skristufekl@last.fm,China
23,Frederic,Dumbar,fdumbarm@oakley.com,China
24,Viola,Legan,vlegann@qq.com,Philippines
25,Jess,Spurrett,jspurretto@china.com.cn,Indonesia
26,Roxane,Denzilow,rdenzilowp@cyberchimps.com,China
27,Flemming,Maykin,fmaykinq@xing.com,Philippines
28,Lorianna,Whichelow,lwhichelowr@ebay.co.uk,Thailand
29,Wes,Snel,wsnels@vinaora.com,Philippines
30,Urbain,Hens,uhenst@archive.org,Syria
31,Uriel,Guidone,uguidoneu@stumbleupon.com,Malaysia
32,Henryetta,Ing,hingv@baidu.com,Indonesia
33,Maxwell,Gretham,mgrethamw@goo.ne.jp,China
34,Corena,Epton,ceptonx@noaa.gov,Ukraine
35,Derrik,Earl,dearly@digg.com,Indonesia
36,Early,Emmet,eemmetz@samsung.com,France
37,Susann,Halling,shalling10@live.com,Iran
38,Rhianna,Manvelle,rmanvelle11@aol.com,Portugal
39,Meredith,Dumbrill,mdumbrill12@theglobeandmail.com,Brazil
40,Lucas,Touret,ltouret13@tinypic.com,Indonesia
41,Tabb,Luetkemeyer,tluetkemeyer14@latimes.com,Kazakhstan
42,Adrienne,Shane,ashane15@cnet.com,Colombia
43,Boy,Orpyne,borpyne16@hubpages.com,Germany
44,Dinah,Spleving,dspleving17@yahoo.co.jp,Benin
45,Orly,Redparth,oredparth18@ucla.edu,Philippines
46,Fulvia,Jerg,fjerg19@weibo.com,Belarus
47,Julee,Dell,jdell1a@altervista.org,Thailand
48,Shelton,Mullenger,smullenger1b@washingtonpost.com,New Zealand
49,Ardisj,Forte,aforte1c@theatlantic.com,Iran
50,Luca,Freda,lfreda1d@squidoo.com,Russia
51,Ailyn,Roumier,aroumier1e@xrea.com,Brazil
52,Frances,McCaghan,fmccaghan1f@trellian.com,Comoros
53,Eamon,Haensel,ehaensel1g@dmoz.org,China
54,Blinnie,Cootes,bcootes1h@aboutads.info,France
55,Lance,Castana,lcastana1i@blinklist.com,Thailand
56,Danita,Hatliff,dhatliff1j@feedburner.com,Ukraine
57,Bondy,Dienes,bdienes1k@so-net.ne.jp,Portugal
58,Merle,Welham,mwelham1l@smugmug.com,Japan
59,Michelle,Prosser,mprosser1m@zimbio.com,Afghanistan
60,Udale,Glenwright,uglenwright1n@flickr.com,Sweden
61,Bliss,Schwieso,bschwieso1o@jiathis.com,United States
62,Ansell,Errichiello,aerrichiello1p@rediff.com,Finland
63,Kipper,Trendle,ktrendle1q@nih.gov,Qatar
64,Elfrida,Paddie,epaddie1r@github.io,Mexico
65,Eudora,Dilland,edilland1s@nyu.edu,China
66,Bethany,Blogg,bblogg1t@usnews.com,Laos
67,Kara-lynn,Pitchers,kpitchers1u@cam.ac.uk,Guadeloupe
68,Rosa,Rawlins,rrawlins1v@studiopress.com,Indonesia
69,Jillene,Connick,jconnick1w@thetimes.co.uk,China
70,Hervey,Lamboll,hlamboll1x@cpanel.net,Canada
71,Dorree,Glavin,dglavin1y@army.mil,Indonesia
72,Cybil,Tippler,ctippler1z@addthis.com,Portugal
73,Darbie,Simpkin,dsimpkin20@va.gov,Mali
74,Alica,Culligan,aculligan21@unc.edu,Japan
75,Raynell,Lafay,rlafay22@craigslist.org,China
76,Stanislaus,McCaffrey,smccaffrey23@cnn.com,Ukraine
77,Lainey,Scutchings,lscutchings24@wikimedia.org,Indonesia
78,Curt,Thorne,cthorne25@tinyurl.com,United Kingdom
79,Nelie,Hawton,nhawton26@list-manage.com,France
80,Marielle,Becke,mbecke27@multiply.com,Portugal
81,Jackquelin,Lamasna,jlamasna28@ucsd.edu,Russia
82,Dorothea,Henriksson,dhenriksson29@ow.ly,Indonesia
83,Kynthia,Binns,kbinns2a@oakley.com,Indonesia
84,Vinita,Pancoast,vpancoast2b@homestead.com,Nigeria
85,Rhodia,Wellfare,rwellfare2c@vistaprint.com,Russia
86,Olympe,Gotts,ogotts2d@t.co,Nepal
87,Kendra,Goodwins,kgoodwins2e@ezinearticles.com,Tanzania
88,Karola,Hedling,khedling2f@rambler.ru,Poland
89,Melamie,Tchaikovsky,mtchaikovsky2g@mapquest.com,Argentina
90,Duky,Butting,dbutting2h@homestead.com,China
91,Gray,Snoden,gsnoden2i@furl.net,Ukraine
92,Inessa,Cookman,icookman2j@networkadvertising.org,Pakistan
93,Gerald,Horwell,ghorwell2k@mozilla.com,Indonesia
94,Flor,Clowney,fclowney2l@dropbox.com,China
95,Sampson,Cloney,scloney2m@dailymail.co.uk,Mongolia
96,Filbert,Grisewood,fgrisewood2n@ustream.tv,Philippines
97,Netti,Sneyd,nsneyd2o@people.com.cn,Indonesia
98,Valina,Nias,vnias2p@quantcast.com,Indonesia
99,Kimmy,Massow,kmassow2q@techcrunch.com,Portugal
100,Ignacio,Ryan,iryan2r@vk.com,United Kingdom
101,Gates,Dyshart,gdyshart2s@apache.org,Philippines
102,Kassi,Steynor,ksteynor2t@google.ru,Russia
103,Timofei,Lube,tlube2u@wikia.com,Ethiopia
104,Karoly,Iannini,kiannini2v@prnewswire.com,Namibia
105,Georgie,Assel,gassel2w@ox.ac.uk,Indonesia
106,Jaymie,Coneau,jconeau2x@ifeng.com,China
107,Nissa,Twiggs,ntwiggs2y@ning.com,Colombia
108,Wait,Colgrave,wcolgrave2z@epa.gov,Brazil
109,Mirna,Kempshall,mkempshall30@utexas.edu,Philippines
110,Alford,Mattessen,amattessen31@printfriendly.com,China
111,Marta,Sulland,msulland32@homestead.com,Philippines
112,Raf,Cleveland,rcleveland33@wp.com,China
113,Grazia,Laurisch,glaurisch34@miitbeian.gov.cn,Djibouti
114,Valerie,Deavin,vdeavin35@globo.com,Colombia
115,Petey,Zecchetti,pzecchetti36@moonfruit.com,Venezuela
116,Elonore,Keasey,ekeasey37@usda.gov,Sweden
117,Alysia,Ecclestone,aecclestone38@baidu.com,Russia
118,Jan,Campanelle,jcampanelle39@cam.ac.uk,Kosovo
119,Sylvester,Vasishchev,svasishchev3a@japanpost.jp,China
120,Barclay,Standering,bstandering3b@merriam-webster.com,Germany
121,Katy,Maryan,kmaryan3c@woothemes.com,China
122,Dennet,Burk,dburk3d@accuweather.com,Czech Republic
123,Daphene,Asey,dasey3e@vkontakte.ru,Yemen
124,Ethelin,Blodget,eblodget3f@mediafire.com,Saint Martin
125,Quentin,Yurocjhin,qyurocjhin3g@dailymotion.com,France
126,Ira,Barends,ibarends3h@illinois.edu,Mozambique
127,Madlin,Daley,mdaley3i@hexun.com,Indonesia
128,Case,Baudouin,cbaudouin3j@buzzfeed.com,China
129,Renie,Chatterton,rchatterton3k@wired.com,Russia
130,Lamont,Klaus,lklaus3l@kickstarter.com,Indonesia
131,Cairistiona,Eastabrook,ceastabrook3m@pbs.org,Indonesia
132,Horatia,Date,hdate3n@berkeley.edu,Ukraine
133,Adelaida,Farnhill,afarnhill3o@g.co,Panama
134,Hort,Wroughton,hwroughton3p@simplemachines.org,Russia
135,Westley,Scolland,wscolland3q@cam.ac.uk,South Africa
136,Danny,Philpott,dphilpott3r@squidoo.com,Russia
137,Coleman,Brakespear,cbrakespear3s@quantcast.com,China
138,Ruthie,Bultitude,rbultitude3t@simplemachines.org,Indonesia
139,Port,McCartan,pmccartan3u@mit.edu,Croatia
140,Danny,Blamey,dblamey3v@census.gov,China
141,Ella,Rossi,erossi3w@cornell.edu,Afghanistan
142,Nicky,Madgwick,nmadgwick3x@house.gov,Mexico
143,Randene,Goffe,rgoffe3y@army.mil,Sweden
144,Maureene,Goning,mgoning3z@wordpress.com,Costa Rica
145,Berni,Maloney,bmaloney40@microsoft.com,Russia
146,Opal,Livett,olivett41@va.gov,Brazil
147,Jeanne,Spivie,jspivie42@discuz.net,China
148,Tobi,Blackbourn,tblackbourn43@opera.com,Philippines
149,Nikolia,Wallington,nwallington44@squarespace.com,Poland
150,Bernelle,Klesse,bklesse45@smh.com.au,Haiti
151,Basil,Wardrope,bwardrope46@pen.io,Brazil
152,Bradan,Cheevers,bcheevers47@scientificamerican.com,Japan
153,Damon,Orteu,dorteu48@360.cn,Russia
154,Christophe,Twitchings,ctwitchings49@cafepress.com,Philippines
155,Julee,Lovstrom,jlovstrom4a@washingtonpost.com,Sudan
156,Nannie,Riglar,nriglar4b@nymag.com,China
157,Donica,Dainter,ddainter4c@dyndns.org,Indonesia
158,Kip,Knipe,kknipe4d@abc.net.au,Mexico
159,Lovell,Liddard,lliddard4e@devhub.com,Palestinian Territory
160,Elwood,Doig,edoig4f@sfgate.com,Nigeria
161,Lenka,De Laspee,ldelaspee4g@bloglines.com,Brazil
162,Bay,Haug,bhaug4h@umn.edu,Indonesia
163,Leanna,Langer,llanger4i@utexas.edu,France
164,Cobb,Keir,ckeir4j@artisteer.com,Indonesia
165,Boycey,Cherry Holme,bcherryholme4k@nsw.gov.au,New Zealand
166,Reamonn,Phillcox,rphillcox4l@cbc.ca,China
167,Elmo,Hatherell,ehatherell4m@patch.com,Portugal
168,Sheila-kathryn,Toovey,stoovey4n@prlog.org,France
169,Elle,Adne,eadne4o@arizona.edu,Indonesia
170,Giustino,Maplethorpe,gmaplethorpe4p@walmart.com,Philippines
171,Claudio,Grigorushkin,cgrigorushkin4q@dedecms.com,China
172,Sol,Elstub,selstub4r@biglobe.ne.jp,Vietnam
173,Shanan,Mauditt,smauditt4s@berkeley.edu,Czech Republic
174,Lancelot,Chaplin,lchaplin4t@apple.com,Guinea-Bissau
175,Jayme,Chesters,jchesters4u@xrea.com,China
176,Vassily,MacMillan,vmacmillan4v@vistaprint.com,China
177,Evan,Pacheco,epacheco4w@latimes.com,Malaysia
178,Daloris,Patchett,dpatchett4x@globo.com,Honduras
179,Windy,Bownd,wbownd4y@yale.edu,Indonesia
180,Adara,Durman,adurman4z@qq.com,China
181,Max,Siegertsz,msiegertsz50@gravatar.com,China
182,Louis,Oager,loager51@springer.com,Poland
183,Cherye,Legonidec,clegonidec52@walmart.com,Portugal
184,Balduin,Guerra,bguerra53@sun.com,Uganda
185,Stephenie,Witherop,switherop54@blogs.com,Philippines
186,Loraine,Rabson,lrabson55@printfriendly.com,Brazil
187,Giordano,Blodgetts,gblodgetts56@goodreads.com,Russia
188,Janette,Tucknott,jtucknott57@angelfire.com,Ecuador
189,Bourke,Flaunders,bflaunders58@trellian.com,Mexico
190,Ario,O'Carmody,aocarmody59@aboutads.info,France
191,Etta,Cheeld,echeeld5a@reddit.com,China
192,Fons,Peret,fperet5b@tuttocitta.it,Czech Republic
193,Kathi,Towell,ktowell5c@wp.com,Indonesia
194,Craggie,Whitmore,cwhitmore5d@mlb.com,Philippines
195,Diane-marie,Lead,dlead5e@webmd.com,France
196,Archer,D'Acth,adacth5f@sciencedaily.com,Greece
197,Adrian,Kenford,akenford5g@livejournal.com,Switzerland
198,Thom,Rofe,trofe5h@opera.com,Tanzania
199,Royall,Degnen,rdegnen5i@europa.eu,China
200,Osbourn,Oade,ooade5j@squarespace.com,Nigeria
