id,first_name,last_name,email,country
1,Ardys,Kyndred,akyndred0@engadget.com,France
2,Chen,Bisiker,cbisiker1@cpanel.net,Poland
3,Samaria,Longhorn,slonghorn2@tripod.com,Poland
4,Tiler,Mably,tmably3@arizona.edu,Poland
5,Tobin,Weddup,tweddup4@facebook.com,Japan
6,Jason,Dicks,jdicks5@deliciousdays.com,Poland
7,Rufus,Hevey,rhevey6@boston.com,Poland
8,Ame,Davidwitz,adavidwitz7@adobe.com,France
9,Milty,Chue,mchue8@npr.org,France
10,Linnea,Hollyman,lhollyman9@oakley.com,Japan
11,Correy,Finker,cfinkera@wufoo.com,France
12,Tabbi,Woakes,twoakesb@parallels.com,Poland
13,Wang,Bodycombe,wbodycombec@ucoz.ru,Poland
14,Caprice,Albon,calbond@vkontakte.ru,Germany
15,Trenton,Bridgstock,tbridgstocke@stanford.edu,France
16,Gabie,Kamena,gkamenaf@prlog.org,France
17,Kailey,Somner,ksomnerg@virginia.edu,Poland
18,Cirilo,Island,cislandh@reverbnation.com,Poland
19,Tally,Indruch,tindruchi@amazonaws.com,Japan
20,Francklin,Draysay,fdraysayj@oaic.gov.au,Poland
21,Lazarus,Aubury,lauburyk@earthlink.net,Germany
22,Krissie,Falls,kfallsl@adobe.com,Germany
23,Sandro,Malatalant,smalatalantm@deviantart.com,France
24,Britt,Domoney,bdomoneyn@scientificamerican.com,France
25,Ulysses,Bartlam,ubartlamo@drupal.org,France
26,Armand,Arnley,aarnleyp@sciencedaily.com,France
27,Doloritas,Jeafferson,djeaffersonq@51.la,Poland
28,Eadie,Wigzell,ewigzellr@bravesites.com,France
29,Shaina,Shier,sshiers@mayoclinic.com,Poland
30,Lanni,Aysh,laysht@apache.org,Japan
31,Odele,Karolyi,okarolyiu@wordpress.com,Poland
32,Tawsha,Hullin,thullinv@dell.com,Japan
33,Flss,Serjeantson,fserjeantsonw@soup.io,France
34,Dana,Mussolini,dmussolinix@earthlink.net,Japan
35,Nye,Beddin,nbeddiny@freewebs.com,Japan
36,Arleyne,Caldroni,acaldroniz@oracle.com,Poland
37,Grantley,Bilam,gbilam10@hostgator.com,France
38,Dorian,Franzonello,dfranzonello11@hexun.com,Japan
39,Tamqrah,Matitiaho,tmatitiaho12@addtoany.com,Poland
40,Boote,Gagen,bgagen13@cnet.com,Poland
41,Corella,Lumsdon,clumsdon14@meetup.com,Japan
42,Kevin,Haistwell,khaistwell15@exblog.jp,France
43,Carri,Collopy,ccollopy16@sitemeter.com,Poland
44,Idaline,Fishpond,ifishpond17@sourceforge.net,Japan
45,Philippe,Burgen,pburgen18@ovh.net,Poland
46,Debi,Dienes,ddienes19@lulu.com,Poland
47,Mac,Logsdale,mlogsdale1a@theguardian.com,Poland
48,Nathanil,Tolley,ntolley1b@clickbank.net,France
49,Carr,Hrycek,chrycek1c@army.mil,Japan
50,Ferdinande,Stegers,fstegers1d@bandcamp.com,Poland
51,Tomasine,Sibbons,tsibbons1e@rediff.com,Poland
52,Ethelyn,Pally,epally1f@cbslocal.com,France
53,Hilliard,Habble,hhabble1g@google.co.jp,France
54,Althea,Filipczak,afilipczak1h@bizjournals.com,Germany
55,Kerwinn,Bresson,kbresson1i@scribd.com,Poland
56,Fawnia,Thames,fthames1j@archive.org,Poland
57,Hall,Benting,hbenting1k@ow.ly,Poland
58,Eada,Eric,eeric1l@auda.org.au,France
59,Adelaida,Bezley,abezley1m@seesaa.net,France
60,Darbee,Edwardes,dedwardes1n@redcross.org,France
61,Dianne,Summerhayes,dsummerhayes1o@mapquest.com,France
62,Marji,Chance,mchance1p@biglobe.ne.jp,Poland
63,Rollin,Braithwait,rbraithwait1q@elpais.com,Poland
64,Raquel,Clowley,rclowley1r@biglobe.ne.jp,Japan
65,Doralyn,Oldroyde,doldroyde1s@paypal.com,France
66,Weylin,Rhodus,wrhodus1t@virginia.edu,France
67,Bryon,McColgan,bmccolgan1u@cnet.com,Poland
68,Felisha,Francino,ffrancino1v@bluehost.com,Poland
69,Roxie,Milliken,rmilliken1w@apple.com,Poland
70,Ring,Daburn,rdaburn1x@etsy.com,Poland
71,Mollee,Trelevan,mtrelevan1y@berkeley.edu,Japan
72,Ernie,Emerine,eemerine1z@rambler.ru,France
73,Birgit,Deschlein,bdeschlein20@nbcnews.com,France
74,Dalton,McNiven,dmcniven21@latimes.com,Germany
75,Buddy,Beckley,bbeckley22@army.mil,Poland
76,Arielle,Chastey,achastey23@ca.gov,Poland
77,Maddie,Papes,mpapes24@mac.com,Poland
78,Martelle,Dislee,mdislee25@posterous.com,France
79,Keary,Cobbled,kcobbled26@hhs.gov,Poland
80,Justus,Comino,jcomino27@amazon.com,France
81,Daile,Bartlosz,dbartlosz28@yellowbook.com,Japan
82,Roman,Grayer,rgrayer29@sakura.ne.jp,France
83,Norah,Jasiak,njasiak2a@angelfire.com,Japan
84,Dorene,Boaler,dboaler2b@aol.com,Poland
85,Melicent,Raphael,mraphael2c@ca.gov,France
86,Tiertza,MacTerlagh,tmacterlagh2d@ask.com,Japan
87,Vergil,Eyes,veyes2e@globo.com,France
88,Sawyer,Sigert,ssigert2f@ustream.tv,Poland
89,Lavinie,Tissell,ltissell2g@bing.com,France
90,Elli,Cogman,ecogman2h@twitter.com,Japan
91,Merline,Brayfield,mbrayfield2i@blogspot.com,Poland
92,Inez,Heggman,iheggman2j@prlog.org,Poland
93,Hedvige,Ellissen,hellissen2k@wsj.com,France
94,Fredi,Pods,fpods2l@symantec.com,Poland
95,Aime,Spavins,aspavins2m@studiopress.com,France
96,Paddy,Hudghton,phudghton2n@jugem.jp,Japan
97,Chrisse,Illingworth,cillingworth2o@sbwire.com,Germany
98,Carey,Ricketts,cricketts2p@nydailynews.com,France
99,Maurie,Rennenbach,mrennenbach2q@ibm.com,Poland
100,Zebulen,Boutellier,zboutellier2r@irs.gov,Poland
101,Tait,Lees,tlees2s@barnesandnoble.com,Poland
102,Deeann,Megarry,dmegarry2t@ft.com,France
103,Cami,Ianniello,cianniello2u@bloomberg.com,Japan
104,Lia,Manville,lmanville2v@godaddy.com,France
105,Eulalie,Charter,echarter2w@squidoo.com,Poland
106,Matthieu,Nucator,mnucator2x@ibm.com,Poland
107,Karrah,Rackham,krackham2y@nasa.gov,Japan
108,Angela,Dannett,adannett2z@theguardian.com,Poland
109,Itch,Cooper,icooper30@princeton.edu,Japan
110,Fleurette,Hoyes,fhoyes31@businessinsider.com,Japan
111,Ban,Landrick,blandrick32@printfriendly.com,Japan
112,Saudra,Gommes,sgommes33@vk.com,Poland
113,Addison,Giraudot,agiraudot34@bloglovin.com,Poland
114,Pearla,Kidde,pkidde35@usa.gov,France
115,Sigismundo,McGinn,smcginn36@rakuten.co.jp,Poland
116,De witt,Amthor,damthor37@virginia.edu,Japan
117,Corrine,Torres,ctorres38@drupal.org,Poland
118,Spenser,Bullivant,sbullivant39@umich.edu,France
119,Puff,Gimenez,pgimenez3a@omniture.com,Japan
120,Bridie,Jirsa,bjirsa3b@hc360.com,Japan
121,Reade,Schutze,rschutze3c@icio.us,France
122,Ferdinanda,Jills,fjills3d@360.cn,France
123,Archie,Grastye,agrastye3e@gizmodo.com,Poland
124,Tory,Drewes,tdrewes3f@cnbc.com,France
125,Cyrus,Hardiker,chardiker3g@amazon.co.uk,France
126,Ali,Marchand,amarchand3h@usnews.com,Poland
127,Beverie,Casham,bcasham3i@hibu.com,Japan
128,Ingaberg,Tydd,itydd3j@sourceforge.net,Japan
129,Bertina,Guilbert,bguilbert3k@networkadvertising.org,France
130,Thorndike,Wilber,twilber3l@google.pl,Poland
131,Nina,Uglow,nuglow3m@msn.com,France
132,Marje,Pegler,mpegler3n@statcounter.com,France
133,Ainsley,Simonassi,asimonassi3o@loc.gov,Poland
134,Cindy,Danilovitch,cdanilovitch3p@yale.edu,Poland
135,Emalia,Dabel,edabel3q@opera.com,France
136,Blondell,Fritchley,bfritchley3r@xing.com,France
137,Pearline,Kerne,pkerne3s@blogs.com,Poland
138,Noella,Pover,npover3t@slideshare.net,Japan
139,Ronda,Kundt,rkundt3u@tamu.edu,Germany
140,Alleyn,Lutton,alutton3v@umich.edu,Poland
141,Rickie,Blampy,rblampy3w@github.com,France
142,Hartley,Vaskov,hvaskov3x@businessweek.com,Germany
143,Orelie,Kienlein,okienlein3y@aol.com,Japan
144,Kerwinn,Crosfeld,kcrosfeld3z@sciencedaily.com,France
145,Nickie,Lodin,nlodin40@de.vu,Germany
146,Ximenez,Kinvig,xkinvig41@people.com.cn,Japan
147,Bendicty,Jermy,bjermy42@skyrock.com,France
148,Flynn,Ogborn,fogborn43@google.com.br,Germany
149,Reinaldos,Leere,rleere44@webmd.com,France
150,Bartholomeo,Antley,bantley45@symantec.com,Poland
151,Serene,Swire,sswire46@example.com,Poland
152,Zenia,Crossley,zcrossley47@multiply.com,Poland
153,Imogen,Sweett,isweett48@drupal.org,France
154,Talyah,Tomes,ttomes49@house.gov,Poland
155,Fredrick,Faulds,ffaulds4a@mozilla.org,Poland
156,Audry,Cartmel,acartmel4b@prlog.org,Japan
157,Carmelita,Flobert,cflobert4c@so-net.ne.jp,Poland
158,Olva,Maude,omaude4d@amazon.co.uk,Germany
159,Nyssa,Beaby,nbeaby4e@huffingtonpost.com,France
160,Fionnula,Borless,fborless4f@merriam-webster.com,Poland
161,Sawyere,Ind,sind4g@diigo.com,France
162,Tyne,Heister,theister4h@tumblr.com,Japan
163,Chucho,O'Doghesty,codoghesty4i@cdbaby.com,Poland
164,Anne-marie,Burehill,aburehill4j@youtu.be,Poland
165,Engracia,Adriani,eadriani4k@odnoklassniki.ru,France
166,Flossy,Godden,fgodden4l@wunderground.com,Poland
167,Pavla,Beckers,pbeckers4m@yelp.com,Japan
168,Feodora,Hawtrey,fhawtrey4n@simplemachines.org,Poland
169,Devon,Kovnot,dkovnot4o@illinois.edu,France
170,Evelin,Jimmison,ejimmison4p@goo.gl,Japan
171,Riane,Piet,rpiet4q@theglobeandmail.com,Poland
172,Marsh,Olczyk,molczyk4r@topsy.com,Poland
173,Kenna,Russo,krusso4s@sitemeter.com,France
174,Celestina,Loutheane,cloutheane4t@intel.com,Poland
175,Danie,Fairlam,dfairlam4u@1688.com,Poland
176,Annecorinne,Karus,akarus4v@google.cn,France
177,Dorena,Mortlock,dmortlock4w@columbia.edu,Poland
178,Gerda,Gircke,ggircke4x@slashdot.org,Poland
179,Sonia,Wahncke,swahncke4y@icio.us,Poland
180,Selma,Mattock,smattock4z@skype.com,Japan
181,Stanford,Renny,srenny50@csmonitor.com,France
182,Jobey,Oseland,joseland51@theguardian.com,Poland
183,Dennis,Nashe,dnashe52@google.com,France
184,Isaac,Aggott,iaggott53@acquirethisname.com,Germany
185,Monique,Filon,mfilon54@privacy.gov.au,Poland
186,Dixie,Coniam,dconiam55@mit.edu,Japan
187,Joby,Jaffray,jjaffray56@nature.com,Poland
188,Emlynne,Chomicki,echomicki57@jigsy.com,Poland
189,Thaxter,Kilshall,tkilshall58@joomla.org,France
190,Alexander,Howse,ahowse59@canalblog.com,France
191,Shaine,Whiteford,swhiteford5a@zimbio.com,Japan
192,Loren,Abrehart,labrehart5b@hugedomains.com,Poland
193,Renata,Regorz,rregorz5c@behance.net,France
194,Jeanie,Gelsthorpe,jgelsthorpe5d@usda.gov,Japan
195,Yettie,MacIlwrick,ymacilwrick5e@google.com.br,Japan
196,Vivianna,Kardos-Stowe,vkardosstowe5f@auda.org.au,Poland
197,Isidore,Blackler,iblackler5g@ycombinator.com,Poland
198,Robin,Bennen,rbennen5h@webs.com,France
199,Sarene,Kleinplatz,skleinplatz5i@sciencedirect.com,France
200,Arlana,Piell,apiell5j@samsung.com,France
